,name,lowest_price/day,highest_price/day,lowest_price/month,highest_price/month,distance,address,link
0,เดอะแคมปัส อพาร์ทเม้นท์ ใกล้ ธรรมศาสตร์ รังสิต,,,"5,900","9,000",0.98,ถ.เชียงรากน้อย คลองหนึ่ง คลองหลวง ปทุมธานี,https://www.renthub.in.th//%E0%B9%80%E0%B8%94%E0%B8%AD%E0%B8%B0%E0%B9%81%E0%B8%84%E0%B8%A1%E0%B8%9B%E0%B8%B1%E0%B8%AA-%E0%B8%AD%E0%B8%9E%E0%B8%B2%E0%B8%A3%E0%B9%8C%E0%B8%97%E0%B9%80%E0%B8%A1%E0%B9%89%E0%B8%99%E0%B8%97%E0%B9%8C-%E0%B9%83%E0%B8%81%E0%B8%A5%E0%B9%89-%E0%B8%98%E0%B8%A3%E0%B8%A3%E0%B8%A1%E0%B8%A8%E0%B8%B2%E0%B8%AA%E0%B8%95%E0%B8%A3%E0%B9%8C-%E0%B8%A3%E0%B8%B1%E0%B8%87%E0%B8%AA%E0%B8%B4%E0%B8%95
1,"โปรโมชั่น เปิดใหม่ ไม่มีเงินประกัน 3,500 บ/ด.  ใกล้ม.ธรรมศาสตร์รังสิต ( ทียูแมนชั่น )",,,"3,500","3,500",0.72,ซ.นันทพร ถ.พหลโยธิน คลองหนึ่ง คลองหลวง ปทุมธานี,https://www.renthub.in.th//%E0%B9%82%E0%B8%9B%E0%B8%A3%E0%B9%82%E0%B8%A1%E0%B8%8A%E0%B8%B1%E0%B9%88%E0%B8%99-%E0%B9%80%E0%B8%9B%E0%B8%B4%E0%B8%94%E0%B9%83%E0%B8%AB%E0%B8%A1%E0%B9%88-%E0%B9%84%E0%B8%A1%E0%B9%88%E0%B8%A1%E0%B8%B5%E0%B9%80%E0%B8%87%E0%B8%B4%E0%B8%99%E0%B8%9B%E0%B8%A3%E0%B8%B0%E0%B8%81%E0%B8%B1%E0%B8%99-3-500-%E0%B8%9A-%E0%B8%94-%E0%B9%83%E0%B8%81%E0%B8%A5%E0%B9%89%E0%B8%A1-%E0%B8%98%E0%B8%A3%E0%B8%A3%E0%B8%A1%E0%B8%A8%E0%B8%B2%E0%B8%AA%E0%B8%95%E0%B8%A3%E0%B9%8C%E0%B8%A3%E0%B8%B1%E0%B8%87%E0%B8%AA%E0%B8%B4%E0%B8%95-%E0%B8%97%E0%B8%B5%E0%B8%A2%E0%B8%B9%E0%B9%81%E0%B8%A1%E0%B8%99%E0%B8%8A%E0%B8%B1%E0%B9%88%E0%B8%99
2,นลมณีเพลส,,,"5,500","7,000",2.9,ถ.เลียบคลองเปรมประชากร บางพูด เมืองปทุมธานี ปทุมธานี,https://www.renthub.in.th//%E0%B8%99%E0%B8%A5%E0%B8%A1%E0%B8%93%E0%B8%B5%E0%B9%80%E0%B8%9E%E0%B8%A5%E0%B8%AA
3,BEST ROOM II (อพาร์ทเมนท์เปิดใหม่)ห่างจากมหาลัยกรุงเทพ7กิโล   ไม่มีรายวันนะคะ,800,900,"3,800","4,000",4.7,ซ.บงกช 11 คลองสอง คลองหลวง ปทุมธานี,https://www.renthub.in.th//best-room-ii-%E0%B8%AD%E0%B8%9E%E0%B8%B2%E0%B8%A3%E0%B9%8C%E0%B8%97%E0%B9%80%E0%B8%A1%E0%B8%99%E0%B8%97%E0%B9%8C%E0%B9%80%E0%B8%9B%E0%B8%B4%E0%B8%94%E0%B9%83%E0%B8%AB%E0%B8%A1%E0%B9%88-%E0%B8%AB%E0%B9%88%E0%B8%B2%E0%B8%87%E0%B8%88%E0%B8%B2%E0%B8%81%E0%B8%A1%E0%B8%AB%E0%B8%B2%E0%B8%A5%E0%B8%B1%E0%B8%A2%E0%B8%81%E0%B8%A3%E0%B8%B8%E0%B8%87%E0%B9%80%E0%B8%97%E0%B8%9E7%E0%B8%81%E0%B8%B4%E0%B9%82%E0%B8%A5-%E0%B9%84%E0%B8%A1%E0%B9%88%E0%B8%A1%E0%B8%B5%E0%B8%A3%E0%B8%B2%E0%B8%A2%E0%B8%A7%E0%B8%B1%E0%B8%99%E0%B8%99%E0%B8%B0%E0%B8%84%E0%B8%B0
4,Haus Private Residences ม.ธรรมศาสตร์ ศูนย์รังสิต,,,"7,500","7,900",0.75, คลองหนึ่ง คลองหลวง ปทุมธานี,https://www.renthub.in.th//haus-private-residences-%E0%B8%A1-%E0%B8%98%E0%B8%A3%E0%B8%A3%E0%B8%A1%E0%B8%A8%E0%B8%B2%E0%B8%AA%E0%B8%95%E0%B8%A3%E0%B9%8C-%E0%B8%A8%E0%B8%B9%E0%B8%99%E0%B8%A2%E0%B9%8C%E0%B8%A3%E0%B8%B1%E0%B8%87%E0%B8%AA%E0%B8%B4%E0%B8%95
5,เดอะวินเนอร์แมนชั่น รังสิตภิรมย์UPDATE !,,,"4,500","8,500",3.8,ถ.พหลโยธิน คลองหนึ่ง คลองหลวง ปทุมธานี,https://www.renthub.in.th//%E0%B9%80%E0%B8%94%E0%B8%AD%E0%B8%B0%E0%B8%A7%E0%B8%B4%E0%B8%99%E0%B9%80%E0%B8%99%E0%B8%AD%E0%B8%A3%E0%B9%8C%E0%B9%81%E0%B8%A1%E0%B8%99%E0%B8%8A%E0%B8%B1%E0%B9%88%E0%B8%99-%E0%B8%A3%E0%B8%B1%E0%B8%87%E0%B8%AA%E0%B8%B4%E0%B8%95%E0%B8%A0%E0%B8%B4%E0%B8%A3%E0%B8%A1%E0%B8%A2%E0%B9%8C
6,18-22 Residences ม.ธรรมศาสตร์ ศูนย์รังสิต,,,"6,500","17,900",0.83,ซ.Pattana Charoen ถ.เชียงราก คลองหนึ่ง คลองหลวง ปทุมธานี,https://www.renthub.in.th//18-22-residences-%E0%B8%A1-%E0%B8%98%E0%B8%A3%E0%B8%A3%E0%B8%A1%E0%B8%A8%E0%B8%B2%E0%B8%AA%E0%B8%95%E0%B8%A3%E0%B9%8C-%E0%B8%A8%E0%B8%B9%E0%B8%99%E0%B8%A2%E0%B9%8C%E0%B8%A3%E0%B8%B1%E0%B8%87%E0%B8%AA%E0%B8%B4%E0%B8%95
7,"โปรโมชั่น เปิดใหม่ 3,800 บาทไม่มีเงินประกัน คลองหลวง 27 แมนชั่น",,,"3,800","3,800",2.7,ซ.คุณพระ ถ.คลองหลวง คลองหนึ่ง คลองหลวง ปทุมธานี,https://www.renthub.in.th//%E0%B9%82%E0%B8%9B%E0%B8%A3%E0%B9%82%E0%B8%A1%E0%B8%8A%E0%B8%B1%E0%B9%88%E0%B8%99-%E0%B9%80%E0%B8%9B%E0%B8%B4%E0%B8%94%E0%B9%83%E0%B8%AB%E0%B8%A1%E0%B9%88-3-800-%E0%B8%9A%E0%B8%B2%E0%B8%97%E0%B9%84%E0%B8%A1%E0%B9%88%E0%B8%A1%E0%B8%B5%E0%B9%80%E0%B8%87%E0%B8%B4%E0%B8%99%E0%B8%9B%E0%B8%A3%E0%B8%B0%E0%B8%81%E0%B8%B1%E0%B8%99-%E0%B8%84%E0%B8%A5%E0%B8%AD%E0%B8%87%E0%B8%AB%E0%B8%A5%E0%B8%A7%E0%B8%87-27-%E0%B9%81%E0%B8%A1%E0%B8%99%E0%B8%8A%E0%B8%B1%E0%B9%88%E0%B8%99
8,หอพัก เดอะวิสดอม อพาร์ทเมนท์ (The Wisdom Apartment),,,"7,000","12,000",0.92,ถ.เชียงราก คลองหนึ่ง คลองหลวง ปทุมธานี,https://www.renthub.in.th//%E0%B8%AB%E0%B8%AD%E0%B8%9E%E0%B8%B1%E0%B8%81-%E0%B9%80%E0%B8%94%E0%B8%AD%E0%B8%B0%E0%B8%A7%E0%B8%B4%E0%B8%AA%E0%B8%94%E0%B8%AD%E0%B8%A1-%E0%B8%AD%E0%B8%9E%E0%B8%B2%E0%B8%A3%E0%B9%8C%E0%B8%97%E0%B9%80%E0%B8%A1%E0%B8%99%E0%B8%97%E0%B9%8C-the-wisdom-apartment
9,หอพัก วันดี ใกล้ ม.ธรรมศาสตร์รังสิต ซอยคลองหลวง 35 ไม่มีค่าประกัน เกือบติดรถเมล์ผ่าน UPDATE !,250,700,"1,000","4,000",1.2,ถ.พหลโยธิน คลองหนึ่ง คลองหลวง ปทุมธานี,https://www.renthub.in.th//%E0%B8%AB%E0%B8%AD%E0%B8%9E%E0%B8%B1%E0%B8%81-%E0%B8%A7%E0%B8%B1%E0%B8%99%E0%B8%94%E0%B8%B5-%E0%B9%83%E0%B8%81%E0%B8%A5%E0%B9%89-%E0%B8%A1-%E0%B8%98%E0%B8%A3%E0%B8%A3%E0%B8%A1%E0%B8%A8%E0%B8%B2%E0%B8%AA%E0%B8%95%E0%B8%A3%E0%B9%8C%E0%B8%A3%E0%B8%B1%E0%B8%87%E0%B8%AA%E0%B8%B4%E0%B8%95-%E0%B8%8B%E0%B8%AD%E0%B8%A2%E0%B8%84%E0%B8%A5%E0%B8%AD%E0%B8%87%E0%B8%AB%E0%B8%A5%E0%B8%A7%E0%B8%87-35-%E0%B9%84%E0%B8%A1%E0%B9%88%E0%B8%A1%E0%B8%B5%E0%B8%84%E0%B9%88%E0%B8%B2%E0%B8%9B%E0%B8%A3%E0%B8%B0%E0%B8%81%E0%B8%B1%E0%B8%99-%E0%B9%80%E0%B8%81%E0%B8%B7%E0%B8%AD%E0%B8%9A%E0%B8%95%E0%B8%B4%E0%B8%94%E0%B8%A3%E0%B8%96%E0%B9%80%E0%B8%A1%E0%B8%A5%E0%B9%8C%E0%B8%9C%E0%B9%88%E0%B8%B2%E0%B8%99
10,บ้านแสงเดือนฉายUPDATE !,,,"5,500","5,500",4,ซ.รังสิตภิรมย์ ถ.พหลโยธิน คลองหนึ่ง คลองหลวง ปทุมธานี,https://www.renthub.in.th//%E0%B8%9A%E0%B9%89%E0%B8%B2%E0%B8%99%E0%B9%81%E0%B8%AA%E0%B8%87%E0%B9%80%E0%B8%94%E0%B8%B7%E0%B8%AD%E0%B8%99%E0%B8%89%E0%B8%B2%E0%B8%A2--2
11,S.B.P. ปีรติ อพาร์ทเม้นต์  ซอยรัตนะ  ( คลองหลวง31 )UPDATE !,,,"1,800","3,500",1.6,ซ.คลองหลวง 31 ถ.พหลโยธิน คลองหนึ่ง คลองหลวง ปทุมธานี,https://www.renthub.in.th//s-b-p-%E0%B8%9B%E0%B8%B5%E0%B8%A3%E0%B8%95%E0%B8%B4-%E0%B8%AD%E0%B8%9E%E0%B8%B2%E0%B8%A3%E0%B9%8C%E0%B8%97%E0%B9%80%E0%B8%A1%E0%B9%89%E0%B8%99%E0%B8%95%E0%B9%8C-%E0%B8%8B%E0%B8%AD%E0%B8%A2%E0%B8%A3%E0%B8%B1%E0%B8%95%E0%B8%99%E0%B8%B0-%E0%B8%84%E0%B8%A5%E0%B8%AD%E0%B8%87%E0%B8%AB%E0%B8%A5%E0%B8%A7%E0%B8%8731
12,ฟ้าโดม ใกล้ ม.ธรรมศาสตร์ รังสิต เพียง 6 นาทีUPDATE !,,,"9,000","9,000",2.7,ซ.ทรัพย์ไพลิน ถ.เชียงราก-บางขัน คลองหนึ่ง คลองหลวง ปทุมธานี,https://www.renthub.in.th//%E0%B8%9F%E0%B9%89%E0%B8%B2%E0%B9%82%E0%B8%94%E0%B8%A1-%E0%B9%83%E0%B8%81%E0%B8%A5%E0%B9%89-%E0%B8%A1-%E0%B8%98%E0%B8%A3%E0%B8%A3%E0%B8%A1%E0%B8%A8%E0%B8%B2%E0%B8%AA%E0%B8%95%E0%B8%A3%E0%B9%8C-%E0%B8%A3%E0%B8%B1%E0%B8%87%E0%B8%AA%E0%B8%B4%E0%B8%95-%E0%B9%80%E0%B8%9E%E0%B8%B5%E0%B8%A2%E0%B8%87-6-%E0%B8%99%E0%B8%B2%E0%B8%97%E0%B8%B5
13,พี พี เฮ้าส์ (ราคาถูกที่สุดในซอย)UPDATE !,,,"4,000","4,000",4.3,ซ.รังสิตภิรมย์ ถ.พหลโยธิน คลองหนึ่ง คลองหลวง ปทุมธานี,https://www.renthub.in.th//%E0%B8%9E%E0%B8%B5-%E0%B8%9E%E0%B8%B5-%E0%B9%80%E0%B8%AE%E0%B9%89%E0%B8%B2%E0%B8%AA%E0%B9%8C-%E0%B8%A3%E0%B8%B2%E0%B8%84%E0%B8%B2%E0%B8%96%E0%B8%B9%E0%B8%81%E0%B8%97%E0%B8%B5%E0%B9%88%E0%B8%AA%E0%B8%B8%E0%B8%94%E0%B9%83%E0%B8%99%E0%B8%8B%E0%B8%AD%E0%B8%A2
14,นภาแมนชั่นUPDATE !,,,"3,500","4,000",3.9,ถ.ยูงทอง คลองหนึ่ง คลองหลวง ปทุมธานี,https://www.renthub.in.th//%E0%B8%99%E0%B8%A0%E0%B8%B2%E0%B9%81%E0%B8%A1%E0%B8%99%E0%B8%8A%E0%B8%B1%E0%B9%88%E0%B8%99--2
15,อาภากรอพาร์ทเมนท์UPDATE !,,,"2,000","3,000",1.1,ซ.คลองหลวง35 ถ.พหลโยธิน คลองหนึ่ง คลองหลวง ปทุมธานี,https://www.renthub.in.th//%E0%B8%AD%E0%B8%B2%E0%B8%A0%E0%B8%B2%E0%B8%81%E0%B8%A3%E0%B8%AD%E0%B8%9E%E0%B8%B2%E0%B8%A3%E0%B9%8C%E0%B8%97%E0%B9%80%E0%B8%A1%E0%B8%99%E0%B8%97%E0%B9%8C--6
16,ที&เจ อพาร์ทเมนท์ หอพักใกล้ตลาดไท นวนคร มีอินเตอร์เน็ต Wi FiUPDATE !,,,"1,700","1,900",3.5,ซ.เทพกุญชร 28 ถ.พหลโยธิน คลองหนึ่ง คลองหลวง ปทุมธานี,https://www.renthub.in.th//%E0%B8%97%E0%B8%B5-%E0%B9%80%E0%B8%88-%E0%B8%AD%E0%B8%9E%E0%B8%B2%E0%B8%A3%E0%B9%8C%E0%B8%97%E0%B9%80%E0%B8%A1%E0%B8%99%E0%B8%97%E0%B9%8C-%E0%B8%AB%E0%B8%AD%E0%B8%9E%E0%B8%B1%E0%B8%81%E0%B9%83%E0%B8%81%E0%B8%A5%E0%B9%89%E0%B8%95%E0%B8%A5%E0%B8%B2%E0%B8%94%E0%B9%84%E0%B8%97-%E0%B8%99%E0%B8%A7%E0%B8%99%E0%B8%84%E0%B8%A3-%E0%B8%A1%E0%B8%B5%E0%B8%AD%E0%B8%B4%E0%B8%99%E0%B9%80%E0%B8%95%E0%B8%AD%E0%B8%A3%E0%B9%8C%E0%B9%80%E0%B8%99%E0%B9%87%E0%B8%95-wi-fi
17,KEYSTONE TUUPDATE !,990,"1,090","8,000","17,000",0.99,ถ.เชียงราก คลองหนึ่ง คลองหลวง ปทุมธานี,https://www.renthub.in.th//keystone-tu
18,Pop Apartment ห้องเช่าคลองหลวงราคาถูกUPDATE !,250,690,"1,500","3,100",1.3,ซ.คลองหลวง 33 หรือเรืองผึ้ง ถ.พหลโยธิน คลองหนึ่ง คลองหลวง ปทุมธานี,https://www.renthub.in.th//pop-apartment-%E0%B8%AB%E0%B9%89%E0%B8%AD%E0%B8%87%E0%B9%80%E0%B8%8A%E0%B9%88%E0%B8%B2%E0%B8%84%E0%B8%A5%E0%B8%AD%E0%B8%87%E0%B8%AB%E0%B8%A5%E0%B8%A7%E0%B8%87%E0%B8%A3%E0%B8%B2%E0%B8%84%E0%B8%B2%E0%B8%96%E0%B8%B9%E0%B8%81
19,CHATEAU HOTEL & APARTMENTS - โรงแรม ชาโตว์ & อพาร์ทเม้นท์UPDATE !,750,"1,100","5,200","6,200",1,ถ.เชียงรากน้อย คลองหนึ่ง คลองหลวง ปทุมธานี,https://www.renthub.in.th//chateau-hotel-apartments-%E0%B9%82%E0%B8%A3%E0%B8%87%E0%B9%81%E0%B8%A3%E0%B8%A1-%E0%B8%8A%E0%B8%B2%E0%B9%82%E0%B8%95%E0%B8%A7%E0%B9%8C-%E0%B8%AD%E0%B8%9E%E0%B8%B2%E0%B8%A3%E0%B9%8C%E0%B8%97%E0%B9%80%E0%B8%A1%E0%B9%89%E0%B8%99%E0%B8%97%E0%B9%8C
20,หอพักหลวงสิริ - หลังม.ธ. เดินไม่ถึง 3 นาทีUPDATE !,650,"1,200","4,000","6,500",4.7,ถ.เชียงราก คลองหนึ่ง คลองหลวง ปทุมธานี,https://www.renthub.in.th//%E0%B8%AB%E0%B8%AD%E0%B8%9E%E0%B8%B1%E0%B8%81%E0%B8%AB%E0%B8%A5%E0%B8%A7%E0%B8%87%E0%B8%AA%E0%B8%B4%E0%B8%A3%E0%B8%B4-%E0%B8%AB%E0%B8%A5%E0%B8%B1%E0%B8%87%E0%B8%A1-%E0%B8%98-%E0%B9%80%E0%B8%94%E0%B8%B4%E0%B8%99%E0%B9%84%E0%B8%A1%E0%B9%88%E0%B8%96%E0%B8%B6%E0%B8%87-3-%E0%B8%99%E0%B8%B2%E0%B8%97%E0%B8%B5
21,หอพักพันธ์ุบุญUPDATE !,,,"1,800","2,200",,ซ.คลองหลวง 64 ถ.พหลโยธิน คลองหนึ่ง คลองหลวง ปทุมธานี,https://www.renthub.in.th//%E0%B8%AB%E0%B8%AD%E0%B8%9E%E0%B8%B1%E0%B8%81%E0%B8%9E%E0%B8%B1%E0%B8%99%E0%B8%98%E0%B9%8C%E0%B8%B8%E0%B8%9A%E0%B8%B8%E0%B8%8D--3cd3050f
22,หอพักสมบูรณ์UPDATE !,,,"1,900","2,000",,ซ.คลองหลวง 64 ถ.พหลโยธิน คลองหนึ่ง คลองหลวง ปทุมธานี,https://www.renthub.in.th//%E0%B8%AB%E0%B8%AD%E0%B8%9E%E0%B8%B1%E0%B8%81%E0%B8%AA%E0%B8%A1%E0%B8%9A%E0%B8%B9%E0%B8%A3%E0%B8%93%E0%B9%8C
23,สุกเขริญ เพลส  (ใกล้ตลาดไท ไอยรา นวนคร) ,,,"2,800","3,700",,ซ.เทพกุญชร 15 ถ.พหลโยธิน คลองหนึ่ง คลองหลวง ปทุมธานี,https://www.renthub.in.th//%E0%B8%AA%E0%B8%B8%E0%B8%81%E0%B9%80%E0%B8%82%E0%B8%A3%E0%B8%B4%E0%B8%8D-%E0%B9%80%E0%B8%9E%E0%B8%A5%E0%B8%AA-%E0%B9%83%E0%B8%81%E0%B8%A5%E0%B9%89%E0%B8%95%E0%B8%A5%E0%B8%B2%E0%B8%94%E0%B9%84%E0%B8%97-%E0%B9%84%E0%B8%AD%E0%B8%A2%E0%B8%A3%E0%B8%B2-%E0%B8%99%E0%B8%A7%E0%B8%99%E0%B8%84%E0%B8%A3
24,K&O Apartment ปทุม คลองสาม,,,"1,800","3,600",6,ซ.คลองสาม 5/9 คลองสาม คลองหลวง ปทุมธานี,https://www.renthub.in.th//k-o-apartment-%E0%B8%9B%E0%B8%97%E0%B8%B8%E0%B8%A1-%E0%B8%84%E0%B8%A5%E0%B8%AD%E0%B8%87%E0%B8%AA%E0%B8%B2%E0%B8%A1
25,หอพัก เจพาร์ค ธรรมศาสตร์ รังสิต,750,"1,100","6,500","21,000",1.1, คลองหนึ่ง คลองหลวง ปทุมธานี,https://www.renthub.in.th//%E0%B8%AB%E0%B8%AD%E0%B8%9E%E0%B8%B1%E0%B8%81-%E0%B9%80%E0%B8%88%E0%B8%9E%E0%B8%B2%E0%B8%A3%E0%B9%8C%E0%B8%84-%E0%B8%98%E0%B8%A3%E0%B8%A3%E0%B8%A1%E0%B8%A8%E0%B8%B2%E0%B8%AA%E0%B8%95%E0%B8%A3%E0%B9%8C-%E0%B8%A3%E0%B8%B1%E0%B8%87%E0%B8%AA%E0%B8%B4%E0%B8%95
26,Good Morning Apartment,690,"1,000","3,000","7,000",0.94,ถ.พหลโยธิน คลองหนึ่ง คลองหลวง ปทุมธานี,https://www.renthub.in.th//good-morning-apartment
27,25/17 อพาร์เม้นท์,350,700,"2,000","3,600",1.7,ถ.คลองหลวง คลองหนึ่ง คลองหลวง ปทุมธานี,https://www.renthub.in.th//25-17-%E0%B8%AD%E0%B8%9E%E0%B8%B2%E0%B8%A3%E0%B9%8C%E0%B9%80%E0%B8%A1%E0%B9%89%E0%B8%99%E0%B8%97%E0%B9%8C
28,44 เรสซิเดนซ์ แอนด์ รีสอร์ท - คลองหลวง,399,799,"5,900","6,900",,ถ.ข้าวหลาม คลองสอง คลองหลวง ปทุมธานี,https://www.renthub.in.th//44-%E0%B9%80%E0%B8%A3%E0%B8%AA%E0%B8%8B%E0%B8%B4%E0%B9%80%E0%B8%94%E0%B8%99%E0%B8%8B%E0%B9%8C-%E0%B9%81%E0%B8%AD%E0%B8%99%E0%B8%94%E0%B9%8C-%E0%B8%A3%E0%B8%B5%E0%B8%AA%E0%B8%AD%E0%B8%A3%E0%B9%8C%E0%B8%97-%E0%B8%84%E0%B8%A5%E0%B8%AD%E0%B8%87%E0%B8%AB%E0%B8%A5%E0%B8%A7%E0%B8%87
29,หอพักบ้านต้นรักห้องสุดท้ายครับหลุดจองครับ ถ้าจองรบกวนติดต่อเลยนะครับห้องสุดท้ายก่อนเต็มยาวUPDATE !,,,"3,500","3,500",,ซ.รังสิตภิรมย์ ถ.พหลโยธิน คลองหนึ่ง คลองหลวง ปทุมธานี,https://www.renthub.in.th//%E0%B8%AB%E0%B8%AD%E0%B8%9E%E0%B8%B1%E0%B8%81%E0%B8%9A%E0%B9%89%E0%B8%B2%E0%B8%99%E0%B8%95%E0%B9%89%E0%B8%99%E0%B8%A3%E0%B8%B1%E0%B8%81%E0%B8%AB%E0%B9%89%E0%B8%AD%E0%B8%87%E0%B8%AA%E0%B8%B8%E0%B8%94%E0%B8%97%E0%B9%89%E0%B8%B2%E0%B8%A2%E0%B8%84%E0%B8%A3%E0%B8%B1%E0%B8%9A%E0%B8%AB%E0%B8%A5%E0%B8%B8%E0%B8%94%E0%B8%88%E0%B8%AD%E0%B8%87%E0%B8%84%E0%B8%A3%E0%B8%B1%E0%B8%9A-%E0%B8%96%E0%B9%89%E0%B8%B2%E0%B8%88%E0%B8%AD%E0%B8%87%E0%B8%A3%E0%B8%9A%E0%B8%81%E0%B8%A7%E0%B8%99%E0%B8%95%E0%B8%B4%E0%B8%94%E0%B8%95%E0%B9%88%E0%B8%AD%E0%B9%80%E0%B8%A5%E0%B8%A2%E0%B8%99%E0%B8%B0%E0%B8%84%E0%B8%A3%E0%B8%B1%E0%B8%9A%E0%B8%AB%E0%B9%89%E0%B8%AD%E0%B8%87%E0%B8%AA%E0%B8%B8%E0%B8%94%E0%B8%97%E0%B9%89%E0%B8%B2%E0%B8%A2%E0%B8%81%E0%B9%88%E0%B8%AD%E0%B8%99%E0%B9%80%E0%B8%95%E0%B9%87%E0%B8%A1%E0%B8%A2%E0%B8%B2%E0%B8%A7
30,หอพักลุงควร @ใกล้มหาวิทยาลัยธรรมศาสตร์ รังสิต,500,500,"1,500","2,500",1.1,ซ.คลองหลวง35 ถ.พหลโยธิน คลองหนึ่ง คลองหลวง ปทุมธานี,https://www.renthub.in.th//%E0%B8%AB%E0%B8%AD%E0%B8%9E%E0%B8%B1%E0%B8%81%E0%B8%A5%E0%B8%B8%E0%B8%87%E0%B8%84%E0%B8%A7%E0%B8%A3-%E0%B9%83%E0%B8%81%E0%B8%A5%E0%B9%89%E0%B8%A1%E0%B8%AB%E0%B8%B2%E0%B8%A7%E0%B8%B4%E0%B8%97%E0%B8%A2%E0%B8%B2%E0%B8%A5%E0%B8%B1%E0%B8%A2%E0%B8%98%E0%B8%A3%E0%B8%A3%E0%B8%A1%E0%B8%A8%E0%B8%B2%E0%B8%AA%E0%B8%95%E0%B8%A3%E0%B9%8C-%E0%B8%A3%E0%B8%B1%E0%B8%87%E0%B8%AA%E0%B8%B4%E0%B8%95
31,หอรัตธนาวัน,,,"1,900","2,400",,ซ.คลองหลวง 27 ถ.พหลโยธิน คลองหนึ่ง คลองหลวง ปทุมธานี,https://www.renthub.in.th//%E0%B8%AB%E0%B8%AD%E0%B8%A3%E0%B8%B1%E0%B8%95%E0%B8%98%E0%B8%99%E0%B8%B2%E0%B8%A7%E0%B8%B1%E0%B8%99
32,หอพักพลอยพนา53/54,,,"1,200","1,200",,ซ.ไทยธานี43 ถ.ไทยธานี43 คลองหนึ่ง คลองหลวง ปทุมธานี,https://www.renthub.in.th//%E0%B8%AB%E0%B8%AD%E0%B8%9E%E0%B8%B1%E0%B8%81%E0%B8%9E%E0%B8%A5%E0%B8%AD%E0%B8%A2%E0%B8%9E%E0%B8%99%E0%B8%B253-54--3d17050e
33,วิชาญอพาร์ตเม้นต์,,,"4,000","8,000",3.5,ถ.พหลโยธิน คลองหนึ่ง คลองหลวง ปทุมธานี,https://www.renthub.in.th//%E0%B8%A7%E0%B8%B4%E0%B8%8A%E0%B8%B2%E0%B8%8D%E0%B8%AD%E0%B8%9E%E0%B8%B2%E0%B8%A3%E0%B9%8C%E0%B8%95%E0%B9%80%E0%B8%A1%E0%B9%89%E0%B8%99%E0%B8%95%E0%B9%8C
34,หอพักสมานมิตร,300,500,"1,800","3,500",2.2,ซ.คลองหลวง31 ถ.พหลโยธิน คลองหนึ่ง คลองหลวง ปทุมธานี,https://www.renthub.in.th//%E0%B8%AB%E0%B8%AD%E0%B8%9E%E0%B8%B1%E0%B8%81%E0%B8%AA%E0%B8%A1%E0%B8%B2%E0%B8%99%E0%B8%A1%E0%B8%B4%E0%B8%95%E0%B8%A3
35,สเตย์ โฮม เพลส,,,"3,000","3,800",2.7,ซ.เทพกุญชร 15 ถ.พหลโยธิน คลองหนึ่ง คลองหลวง ปทุมธานี,https://www.renthub.in.th//%E0%B8%AA%E0%B9%80%E0%B8%95%E0%B8%A2%E0%B9%8C-%E0%B9%82%E0%B8%AE%E0%B8%A1-%E0%B9%80%E0%B8%9E%E0%B8%A5%E0%B8%AA
36,หอพัก  ณฐกร,,,"6,000","6,500",4,ซ.รังสิตภิรมย์ คลองหนึ่ง คลองหลวง ปทุมธานี,https://www.renthub.in.th//%E0%B8%AB%E0%B8%AD%E0%B8%9E%E0%B8%B1%E0%B8%81-%E0%B8%93%E0%B8%90%E0%B8%81%E0%B8%A3
37,หอพักบ้านมาลี (ซอยติดรั้วม.กรุงเทพวิทยาเขตรังสิต),,,"3,700","5,000",3.5,ซ.รังสิตภิรมย์ ถ.พหลโยธิน คลองหนึ่ง คลองหลวง ปทุมธานี,https://www.renthub.in.th//%E0%B8%AB%E0%B8%AD%E0%B8%9E%E0%B8%B1%E0%B8%81%E0%B8%9A%E0%B9%89%E0%B8%B2%E0%B8%99%E0%B8%A1%E0%B8%B2%E0%B8%A5%E0%B8%B5-%E0%B8%8B%E0%B8%AD%E0%B8%A2%E0%B8%95%E0%B8%B4%E0%B8%94%E0%B8%A3%E0%B8%B1%E0%B9%89%E0%B8%A7%E0%B8%A1-%E0%B8%81%E0%B8%A3%E0%B8%B8%E0%B8%87%E0%B9%80%E0%B8%97%E0%B8%9E%E0%B8%A7%E0%B8%B4%E0%B8%97%E0%B8%A2%E0%B8%B2%E0%B9%80%E0%B8%82%E0%B8%95%E0%B8%A3%E0%B8%B1%E0%B8%87%E0%B8%AA%E0%B8%B4%E0%B8%95
38,The Freedom Apartment @BangkokU,550,700,"3,000","4,200",3.7,ซ.รังสิตภิรมย์ ถ.พหลโยธิน คลองหนึ่ง คลองหลวง ปทุมธานี,https://www.renthub.in.th//the-freedom-apartment-bangkoku
39,บ้านฝันหวาน,,,"3,700","5,000",3.7,ซ.รังสิตภิรมย์ ถ.พหลโยธิน คลองหนึ่ง คลองหลวง ปทุมธานี,https://www.renthub.in.th//%E0%B8%9A%E0%B9%89%E0%B8%B2%E0%B8%99%E0%B8%9D%E0%B8%B1%E0%B8%99%E0%B8%AB%E0%B8%A7%E0%B8%B2%E0%B8%99
40,บ้านพรมงคล สไตล์รีสอร์ท 3,,,"4,500","4,500",7.1,ซ.9/1 (สายรุ้ง) ถ.คลองสาม คลองสาม คลองหลวง ปทุมธานี,https://www.renthub.in.th//%E0%B8%9A%E0%B9%89%E0%B8%B2%E0%B8%99%E0%B8%9E%E0%B8%A3%E0%B8%A1%E0%B8%87%E0%B8%84%E0%B8%A5-%E0%B8%AA%E0%B9%84%E0%B8%95%E0%B8%A5%E0%B9%8C%E0%B8%A3%E0%B8%B5%E0%B8%AA%E0%B8%AD%E0%B8%A3%E0%B9%8C%E0%B8%97-3
41,"โปรโมชั่นพิเศษ 4,800 บ./ด ไอยรา โฮมสเตย์",,,"4,800","5,000",2.3,ถ.ไอยรา คลองสอง คลองหลวง ปทุมธานี,https://www.renthub.in.th//%E0%B9%82%E0%B8%9B%E0%B8%A3%E0%B9%82%E0%B8%A1%E0%B8%8A%E0%B8%B1%E0%B9%88%E0%B8%99%E0%B8%9E%E0%B8%B4%E0%B9%80%E0%B8%A8%E0%B8%A9-4-800-%E0%B8%9A-%E0%B8%94-%E0%B9%84%E0%B8%AD%E0%B8%A2%E0%B8%A3%E0%B8%B2-%E0%B9%82%E0%B8%AE%E0%B8%A1%E0%B8%AA%E0%B9%80%E0%B8%95%E0%B8%A2%E0%B9%8C
42,วนารินทร์ เรสซิเดนซ์,,,"6,000","7,400",4.2,ซ.รังสิตภิรมย์ ถ.พหลโยธิน คลองหนึ่ง คลองหลวง ปทุมธานี,https://www.renthub.in.th//%E0%B8%A7%E0%B8%99%E0%B8%B2%E0%B8%A3%E0%B8%B4%E0%B8%99%E0%B8%97%E0%B8%A3%E0%B9%8C-%E0%B9%80%E0%B8%A3%E0%B8%AA%E0%B8%8B%E0%B8%B4%E0%B9%80%E0%B8%94%E0%B8%99%E0%B8%8B%E0%B9%8C
43,ธัญดา อพาร์ทเม้นท์,,,"3,200","3,200",4.2,ซ.บงกช5 ถ.เลียบคลองสอง คลองสอง คลองหลวง ปทุมธานี,https://www.renthub.in.th//%E0%B8%98%E0%B8%B1%E0%B8%8D%E0%B8%94%E0%B8%B2-%E0%B8%AD%E0%B8%9E%E0%B8%B2%E0%B8%A3%E0%B9%8C%E0%B8%97%E0%B9%80%E0%B8%A1%E0%B9%89%E0%B8%99%E0%B8%97%E0%B9%8C
44,รัตตินันท์ อพาร์ทเม้นท์,,,"3,500","5,500",3.6,ซ.รังสิตภิรมย์ ถ.รังสิตภิรมย์ คลองหนึ่ง คลองหลวง ปทุมธานี,https://www.renthub.in.th//%E0%B8%A3%E0%B8%B1%E0%B8%95%E0%B8%95%E0%B8%B4%E0%B8%99%E0%B8%B1%E0%B8%99%E0%B8%97%E0%B9%8C-%E0%B8%AD%E0%B8%9E%E0%B8%B2%E0%B8%A3%E0%B9%8C%E0%B8%97%E0%B9%80%E0%B8%A1%E0%B9%89%E0%B8%99%E0%B8%97%E0%B9%8C
45,กิ๊ฟเพลส,500,500,"3,000","3,800",4.9,ซ.ทรัพย์ไพลิน ถ.เชียงราก คลองหนึ่ง คลองหลวง ปทุมธานี,https://www.renthub.in.th//%E0%B8%81%E0%B8%B4%E0%B9%8A%E0%B8%9F%E0%B9%80%E0%B8%9E%E0%B8%A5%E0%B8%AA
46,มายเพลส,,,"4,000","4,000",3.5, คลองหนึ่ง คลองหลวง ปทุมธานี,https://www.renthub.in.th//%E0%B8%A1%E0%B8%B2%E0%B8%A2%E0%B9%80%E0%B8%9E%E0%B8%A5%E0%B8%AA--3
47,ธัช แมนชั่น,,,"3,600","5,500",3.5, คลองหนึ่ง คลองหลวง ปทุมธานี,https://www.renthub.in.th//%E0%B8%98%E0%B8%B1%E0%B8%8A-%E0%B9%81%E0%B8%A1%E0%B8%99%E0%B8%8A%E0%B8%B1%E0%B9%88%E0%B8%99
48,ไอเดียวิลล์ อพาร์เม้นท์,,,"6,000","6,500",0.15,ถ.เชียงราก คลองหนึ่ง คลองหลวง ปทุมธานี,https://www.renthub.in.th//%E0%B9%84%E0%B8%AD%E0%B9%80%E0%B8%94%E0%B8%B5%E0%B8%A2%E0%B8%A7%E0%B8%B4%E0%B8%A5%E0%B8%A5%E0%B9%8C-%E0%B8%AD%E0%B8%9E%E0%B8%B2%E0%B8%A3%E0%B9%8C%E0%B9%80%E0%B8%A1%E0%B9%89%E0%B8%99%E0%B8%97%E0%B9%8C
49,ทวินทาวน์ อพาร์ตเมนต์,,,"5,300","5,300",0.38, คลองหนึ่ง คลองหลวง ปทุมธานี,https://www.renthub.in.th//%E0%B8%97%E0%B8%A7%E0%B8%B4%E0%B8%99%E0%B8%97%E0%B8%B2%E0%B8%A7%E0%B8%99%E0%B9%8C-%E0%B8%AD%E0%B8%9E%E0%B8%B2%E0%B8%A3%E0%B9%8C%E0%B8%95%E0%B9%80%E0%B8%A1%E0%B8%99%E0%B8%95%E0%B9%8C
50,ฉัตรนิภา เรสสิเด็นซ์,,,"4,500","4,500",0.7,ถ.พหลโยธิน คลองหนึ่ง คลองหลวง ปทุมธานี,https://www.renthub.in.th//%E0%B8%89%E0%B8%B1%E0%B8%95%E0%B8%A3%E0%B8%99%E0%B8%B4%E0%B8%A0%E0%B8%B2-%E0%B9%80%E0%B8%A3%E0%B8%AA%E0%B8%AA%E0%B8%B4%E0%B9%80%E0%B8%94%E0%B9%87%E0%B8%99%E0%B8%8B%E0%B9%8C
51,ล๊อฟท์ ล๊อฟท์ ดอร์มิโทรี่,,,"5,500","9,500",1.3, คลองหนึ่ง คลองหลวง ปทุมธานี,https://www.renthub.in.th//%E0%B8%A5%E0%B9%8A%E0%B8%AD%E0%B8%9F%E0%B8%97%E0%B9%8C-%E0%B8%A5%E0%B9%8A%E0%B8%AD%E0%B8%9F%E0%B8%97%E0%B9%8C-%E0%B8%94%E0%B8%AD%E0%B8%A3%E0%B9%8C%E0%B8%A1%E0%B8%B4%E0%B9%82%E0%B8%97%E0%B8%A3%E0%B8%B5%E0%B9%88
52,บันยันทรี,,,"6,500","12,500",0.23, คลองหนึ่ง คลองหลวง ปทุมธานี,https://www.renthub.in.th//%E0%B8%9A%E0%B8%B1%E0%B8%99%E0%B8%A2%E0%B8%B1%E0%B8%99%E0%B8%97%E0%B8%A3%E0%B8%B5
53,หอพักลูกอ๊อด2,,,"1,200","1,500",3.2,ซ.คลองหลวง7  คลองหนึ่ง คลองหลวง ปทุมธานี,https://www.renthub.in.th//%E0%B8%AB%E0%B8%AD%E0%B8%9E%E0%B8%B1%E0%B8%81%E0%B8%A5%E0%B8%B9%E0%B8%81%E0%B8%AD%E0%B9%8A%E0%B8%AD%E0%B8%942
54,ศรีวิภาค,,,"1,500","1,500",1.6,ซ.คลองหลวง 19 ถ.พหลโยธิน คลองหนึ่ง คลองหลวง ปทุมธานี,https://www.renthub.in.th//%E0%B8%A8%E0%B8%A3%E0%B8%B5%E0%B8%A7%E0%B8%B4%E0%B8%A0%E0%B8%B2%E0%B8%84
55,เรนโบว์เฮ้าส์,400,500,"2,000","2,500",2.8,ซ.คลองหลวง 27/2 ถ.พหลโยธิน คลองหนึ่ง คลองหลวง ปทุมธานี,https://www.renthub.in.th//%E0%B9%80%E0%B8%A3%E0%B8%99%E0%B9%82%E0%B8%9A%E0%B8%A7%E0%B9%8C%E0%B9%80%E0%B8%AE%E0%B9%89%E0%B8%B2%E0%B8%AA%E0%B9%8C
56,ใกล้ตะวัน เรสซิเดนซ์,,,"4,000","4,000",5.3,ซ.6/7 ถ.คลองสาม คลองสาม คลองหลวง ปทุมธานี,https://www.renthub.in.th//%E0%B9%83%E0%B8%81%E0%B8%A5%E0%B9%89%E0%B8%95%E0%B8%B0%E0%B8%A7%E0%B8%B1%E0%B8%99-%E0%B9%80%E0%B8%A3%E0%B8%AA%E0%B8%8B%E0%B8%B4%E0%B9%80%E0%B8%94%E0%B8%99%E0%B8%8B%E0%B9%8C
57,Tudio Rangsit@TU ทูดิโอ รังสิต,,,"6,900","9,500",0.76,ถ.เชียงรากน้อย คลองหนึ่ง คลองหลวง ปทุมธานี,https://www.renthub.in.th//tudio-rangsit-tu-%E0%B8%97%E0%B8%B9%E0%B8%94%E0%B8%B4%E0%B9%82%E0%B8%AD-%E0%B8%A3%E0%B8%B1%E0%B8%87%E0%B8%AA%E0%B8%B4%E0%B8%95
58,THE ROOM 24 RESORT (เดอะรูม24รีสอร์ท),,,,,4.2,ซ.เทพกุญชร23 ถ.คลอง1 คลองหนึ่ง คลองหลวง ปทุมธานี,https://www.renthub.in.th//the-room-24-resort-%E0%B9%80%E0%B8%94%E0%B8%AD%E0%B8%B0%E0%B8%A3%E0%B8%B9%E0%B8%A124%E0%B8%A3%E0%B8%B5%E0%B8%AA%E0%B8%AD%E0%B8%A3%E0%B9%8C%E0%B8%97
59,รังสิตรีสอร์ท หลังฟิวเจอร์ ห้องพักรายวัน/รายเดือน,,,"1,700","2,200",3.8, คลองหนึ่ง คลองหลวง ปทุมธานี,https://www.renthub.in.th//%E0%B8%A3%E0%B8%B1%E0%B8%87%E0%B8%AA%E0%B8%B4%E0%B8%95%E0%B8%A3%E0%B8%B5%E0%B8%AA%E0%B8%AD%E0%B8%A3%E0%B9%8C%E0%B8%97-%E0%B8%AB%E0%B8%A5%E0%B8%B1%E0%B8%87%E0%B8%9F%E0%B8%B4%E0%B8%A7%E0%B9%80%E0%B8%88%E0%B8%AD%E0%B8%A3%E0%B9%8C-%E0%B8%AB%E0%B9%89%E0%B8%AD%E0%B8%87%E0%B8%9E%E0%B8%B1%E0%B8%81%E0%B8%A3%E0%B8%B2%E0%B8%A2%E0%B8%A7%E0%B8%B1%E0%B8%99-%E0%B8%A3%E0%B8%B2%E0%B8%A2%E0%B9%80%E0%B8%94%E0%B8%B7%E0%B8%AD%E0%B8%99
60,karappo  คลองหลวง,,,,,3.3,ถ.พหลโยธิน  คลองหนึ่ง คลองหลวง ปทุมธานี,https://www.renthub.in.th//karappo-%E0%B8%84%E0%B8%A5%E0%B8%AD%E0%B8%87%E0%B8%AB%E0%B8%A5%E0%B8%A7%E0%B8%87
61,อพาร์ทเมนท์เจ้ตู่,,,"3,500","4,000",3.4,ซ.เทพกุญชร 27 คลองหนึ่ง คลองหลวง ปทุมธานี,https://www.renthub.in.th//%E0%B8%AD%E0%B8%9E%E0%B8%B2%E0%B8%A3%E0%B9%8C%E0%B8%97%E0%B9%80%E0%B8%A1%E0%B8%99%E0%B8%97%E0%B9%8C%E0%B9%80%E0%B8%88%E0%B9%89%E0%B8%95%E0%B8%B9%E0%B9%88
62,การ์เด้นวิว,,,"4,600","4,800",4.1,ซ.รังสิตภิรมย์ คลองหนึ่ง คลองหลวง ปทุมธานี,https://www.renthub.in.th//%E0%B8%81%E0%B8%B2%E0%B8%A3%E0%B9%8C%E0%B9%80%E0%B8%94%E0%B9%89%E0%B8%99%E0%B8%A7%E0%B8%B4%E0%B8%A7
63,อาคารนิณัฐ,,,"1,800","3,700",2.9,ซ.นาวี 2 คลองสอง คลองหลวง ปทุมธานี,https://www.renthub.in.th//%E0%B8%AD%E0%B8%B2%E0%B8%84%E0%B8%B2%E0%B8%A3%E0%B8%99%E0%B8%B4%E0%B8%93%E0%B8%B1%E0%B8%90
64,บีม เรสซิเดนท์,,,"6,800","11,000",1, คลองหนึ่ง คลองหลวง ปทุมธานี,https://www.renthub.in.th//%E0%B8%9A%E0%B8%B5%E0%B8%A1-%E0%B9%80%E0%B8%A3%E0%B8%AA%E0%B8%8B%E0%B8%B4%E0%B9%80%E0%B8%94%E0%B8%99%E0%B8%97%E0%B9%8C
65,บ้านพัก พรมงคล สไตล์รีสอร์ท1 (คลองสาม คลองหลวง),,,"1,800","2,500",7.3,ซ.9/1 รุ่ง ถ.เลียบคลองสาม คลองสาม คลองหลวง ปทุมธานี,https://www.renthub.in.th//%E0%B8%9A%E0%B9%89%E0%B8%B2%E0%B8%99%E0%B8%9E%E0%B8%B1%E0%B8%81-%E0%B8%9E%E0%B8%A3%E0%B8%A1%E0%B8%87%E0%B8%84%E0%B8%A5-%E0%B8%AA%E0%B9%84%E0%B8%95%E0%B8%A5%E0%B9%8C%E0%B8%A3%E0%B8%B5%E0%B8%AA%E0%B8%AD%E0%B8%A3%E0%B9%8C%E0%B8%971-%E0%B8%84%E0%B8%A5%E0%B8%AD%E0%B8%87%E0%B8%AA%E0%B8%B2%E0%B8%A1-%E0%B8%84%E0%B8%A5%E0%B8%AD%E0%B8%87%E0%B8%AB%E0%B8%A5%E0%B8%A7%E0%B8%87
66,ณัชชาเพลส ธรรมศาสตร์ รังสิต,499,690,"2,500","4,000",1.1,ซ.คลองหลวง 35 ถ.พหลโยธิน คลองหนึ่ง คลองหลวง ปทุมธานี,https://www.renthub.in.th//%E0%B8%93%E0%B8%B1%E0%B8%8A%E0%B8%8A%E0%B8%B2%E0%B9%80%E0%B8%9E%E0%B8%A5%E0%B8%AA-%E0%B8%98%E0%B8%A3%E0%B8%A3%E0%B8%A1%E0%B8%A8%E0%B8%B2%E0%B8%AA%E0%B8%95%E0%B8%A3%E0%B9%8C-%E0%B8%A3%E0%B8%B1%E0%B8%87%E0%B8%AA%E0%B8%B4%E0%B8%95
67,อาคารแสงกาญจนวนิช(ตลาดไท),500,500,"2,000","3,500",0.76,ถ.พหลโยธิน คลองหนึ่ง คลองหลวง ปทุมธานี,https://www.renthub.in.th//%E0%B8%AD%E0%B8%B2%E0%B8%84%E0%B8%B2%E0%B8%A3%E0%B9%81%E0%B8%AA%E0%B8%87%E0%B8%81%E0%B8%B2%E0%B8%8D%E0%B8%88%E0%B8%99%E0%B8%A7%E0%B8%99%E0%B8%B4%E0%B8%8A-%E0%B8%95%E0%B8%A5%E0%B8%B2%E0%B8%94%E0%B9%84%E0%B8%97
68,บ้านเรือนไท พรมงคล สไตล์รีสอร์ท 2(คลองสาม คลองหลวง),,,"1,800","2,500",7.2,ซ.9/1 รุ่ง ถ.เลียบคลองสาม คลองสาม คลองหลวง ปทุมธานี,https://www.renthub.in.th//%E0%B8%9A%E0%B9%89%E0%B8%B2%E0%B8%99%E0%B9%80%E0%B8%A3%E0%B8%B7%E0%B8%AD%E0%B8%99%E0%B9%84%E0%B8%97-%E0%B8%9E%E0%B8%A3%E0%B8%A1%E0%B8%87%E0%B8%84%E0%B8%A5-%E0%B8%AA%E0%B9%84%E0%B8%95%E0%B8%A5%E0%B9%8C%E0%B8%A3%E0%B8%B5%E0%B8%AA%E0%B8%AD%E0%B8%A3%E0%B9%8C%E0%B8%97-2-%E0%B8%84%E0%B8%A5%E0%B8%AD%E0%B8%87%E0%B8%AA%E0%B8%B2%E0%B8%A1-%E0%B8%84%E0%B8%A5%E0%B8%AD%E0%B8%87%E0%B8%AB%E0%B8%A5%E0%B8%A7%E0%B8%87
69,วัน วัน  ห้องเช่า,250,250,900,"1,800",1.1,ซ.ศิริภาพ ถ.คลองหลวง35 คลองหนึ่ง คลองหลวง ปทุมธานี,https://www.renthub.in.th//%E0%B8%A7%E0%B8%B1%E0%B8%99-%E0%B8%A7%E0%B8%B1%E0%B8%99-%E0%B8%AB%E0%B9%89%E0%B8%AD%E0%B8%87%E0%B9%80%E0%B8%8A%E0%B9%88%E0%B8%B2
70,"Loft Loft Dormitory ""หอพัก"" เปิดใหม่!! ใกล้ ม.ธรรมศาสตร์ ศูนย์รังสิต",,,"5,500","13,000",0.7,ซ.คลองหลวง 33 ถ.คลองหลวง คลองหนึ่ง คลองหลวง ปทุมธานี,https://www.renthub.in.th//loft-loft-dormitory-%E0%B8%AB%E0%B8%AD%E0%B8%9E%E0%B8%B1%E0%B8%81-%E0%B9%80%E0%B8%9B%E0%B8%B4%E0%B8%94%E0%B9%83%E0%B8%AB%E0%B8%A1%E0%B9%88-%E0%B9%83%E0%B8%81%E0%B8%A5%E0%B9%89-%E0%B8%A1-%E0%B8%98%E0%B8%A3%E0%B8%A3%E0%B8%A1%E0%B8%A8%E0%B8%B2%E0%B8%AA%E0%B8%95%E0%B8%A3%E0%B9%8C-%E0%B8%A8%E0%B8%B9%E0%B8%99%E0%B8%A2%E0%B9%8C%E0%B8%A3%E0%B8%B1%E0%B8%87%E0%B8%AA%E0%B8%B4%E0%B8%95
71,พรธวัล เพลส,,,350,"4,500",3.2,ซ.เทพกุญชร 14 คลองหนึ่ง คลองหลวง ปทุมธานี,https://www.renthub.in.th//%E0%B8%9E%E0%B8%A3%E0%B8%98%E0%B8%A7%E0%B8%B1%E0%B8%A5-%E0%B9%80%E0%B8%9E%E0%B8%A5%E0%B8%AA
72,เด่นนภา 2,600,600,"3,500","3,500",2.4, คลองหนึ่ง คลองหลวง ปทุมธานี,https://www.renthub.in.th//%E0%B9%80%E0%B8%94%E0%B9%88%E0%B8%99%E0%B8%99%E0%B8%A0%E0%B8%B2-2
73,ชลภัสสรณ์,,,"2,000","3,300",2,ซ.เทพกุญชร14 ถ.เทพกุญชร1 คลองหนึ่ง คลองหลวง ปทุมธานี,https://www.renthub.in.th//%E0%B8%8A%E0%B8%A5%E0%B8%A0%E0%B8%B1%E0%B8%AA%E0%B8%AA%E0%B8%A3%E0%B8%93%E0%B9%8C
74,เดอะ ไอยรา บูธีคส์ อพาร์ทเมนต์,,,"3,000","3,800",0.77,ซ.เทพกุญชร7 คลองหนึ่ง คลองหลวง ปทุมธานี,https://www.renthub.in.th//%E0%B9%80%E0%B8%94%E0%B8%AD%E0%B8%B0-%E0%B9%84%E0%B8%AD%E0%B8%A2%E0%B8%A3%E0%B8%B2-%E0%B8%9A%E0%B8%B9%E0%B8%98%E0%B8%B5%E0%B8%84%E0%B8%AA%E0%B9%8C-%E0%B8%AD%E0%B8%9E%E0%B8%B2%E0%B8%A3%E0%B9%8C%E0%B8%97%E0%B9%80%E0%B8%A1%E0%B8%99%E0%B8%95%E0%B9%8C
75,Golf View Thamasat Rangsit(กอล์ฟวิว ธรรมศาสตร์ รังสิต),490,490,"2,600","6,500",1.1,ถ.พหลโยธิน คลองหนึ่ง คลองหลวง ปทุมธานี,https://www.renthub.in.th//golf-view-thamasat-rangsit-%E0%B8%81%E0%B8%AD%E0%B8%A5%E0%B9%8C%E0%B8%9F%E0%B8%A7%E0%B8%B4%E0%B8%A7-%E0%B8%98%E0%B8%A3%E0%B8%A3%E0%B8%A1%E0%B8%A8%E0%B8%B2%E0%B8%AA%E0%B8%95%E0%B8%A3%E0%B9%8C-%E0%B8%A3%E0%B8%B1%E0%B8%87%E0%B8%AA%E0%B8%B4%E0%B8%95
76,GOLF CITY Mansion (กอล์ฟ ซิตี้ แมนชั่น),,,"2,800","2,800",3, คลองหนึ่ง คลองหลวง ปทุมธานี,https://www.renthub.in.th//golf-city-mansion-%E0%B8%81%E0%B8%AD%E0%B8%A5%E0%B9%8C%E0%B8%9F-%E0%B8%8B%E0%B8%B4%E0%B8%95%E0%B8%B5%E0%B9%89-%E0%B9%81%E0%B8%A1%E0%B8%99%E0%B8%8A%E0%B8%B1%E0%B9%88%E0%B8%99
77,แหลมทองกรีนเพลส ห้องพักรายเดือน,,,"1,300","3,000",2.2,ซ.หมู่บ้านเทพมงคล  4 คลองหนึ่ง คลองหลวง ปทุมธานี,https://www.renthub.in.th//%E0%B9%81%E0%B8%AB%E0%B8%A5%E0%B8%A1%E0%B8%97%E0%B8%AD%E0%B8%87%E0%B8%81%E0%B8%A3%E0%B8%B5%E0%B8%99%E0%B9%80%E0%B8%9E%E0%B8%A5%E0%B8%AA-%E0%B8%AB%E0%B9%89%E0%B8%AD%E0%B8%87%E0%B8%9E%E0%B8%B1%E0%B8%81%E0%B8%A3%E0%B8%B2%E0%B8%A2%E0%B9%80%E0%B8%94%E0%B8%B7%E0%B8%AD%E0%B8%99
78,หอสีส้ม,,,"1,500","1,500",3.2,ซ.เทพกุญชร25 ถ.พหลโยธิน คลองหนึ่ง คลองหลวง ปทุมธานี,https://www.renthub.in.th//%E0%B8%AB%E0%B8%AD%E0%B8%AA%E0%B8%B5%E0%B8%AA%E0%B9%89%E0%B8%A1
79,Smile Room,,,"4,500","4,500",4.9,ซ.ทรัพย์ไพลิน ถ.เชียงราก คลองหนึ่ง คลองหลวง ปทุมธานี,https://www.renthub.in.th//smile-room
80,"ให้เช่าห้องพักใกล้ ม. ธรรมศาสตร์, ใกล้วัดพระธรรมกาย",,,"3,200","4,000",0.75, คลองหนึ่ง คลองหลวง ปทุมธานี,https://www.renthub.in.th//%E0%B9%83%E0%B8%AB%E0%B9%89%E0%B9%80%E0%B8%8A%E0%B9%88%E0%B8%B2%E0%B8%AB%E0%B9%89%E0%B8%AD%E0%B8%87%E0%B8%9E%E0%B8%B1%E0%B8%81%E0%B9%83%E0%B8%81%E0%B8%A5%E0%B9%89-%E0%B8%A1-%E0%B8%98%E0%B8%A3%E0%B8%A3%E0%B8%A1%E0%B8%A8%E0%B8%B2%E0%B8%AA%E0%B8%95%E0%B8%A3%E0%B9%8C-%E0%B9%83%E0%B8%81%E0%B8%A5%E0%B9%89%E0%B8%A7%E0%B8%B1%E0%B8%94%E0%B8%9E%E0%B8%A3%E0%B8%B0%E0%B8%98%E0%B8%A3%E0%B8%A3%E0%B8%A1%E0%B8%81%E0%B8%B2%E0%B8%A2
81,อาคารสมพร,,,"1,600","1,800",3.3,ซ.เทพกุญชร22 คลองหนึ่ง คลองหลวง ปทุมธานี,https://www.renthub.in.th//%E0%B8%AD%E0%B8%B2%E0%B8%84%E0%B8%B2%E0%B8%A3%E0%B8%AA%E0%B8%A1%E0%B8%9E%E0%B8%A3
82,Plearn Apartment (เพลิน อพาร์ทเม้นท์),,,"5,500","14,000",4.7,ซ.ทรัพย์ไพลิน คลองหนึ่ง คลองหลวง ปทุมธานี,https://www.renthub.in.th//plearn-apartment-%E0%B9%80%E0%B8%9E%E0%B8%A5%E0%B8%B4%E0%B8%99-%E0%B8%AD%E0%B8%9E%E0%B8%B2%E0%B8%A3%E0%B9%8C%E0%B8%97%E0%B9%80%E0%B8%A1%E0%B9%89%E0%B8%99%E0%B8%97%E0%B9%8C
83,อภิชาติ อพาร์ทเมนต์,,,"1,000","1,300",0.73,ซ.43 ถ.พหลโยธิน คลองหนึ่ง คลองหลวง ปทุมธานี,https://www.renthub.in.th//%E0%B8%AD%E0%B8%A0%E0%B8%B4%E0%B8%8A%E0%B8%B2%E0%B8%95%E0%B8%B4-%E0%B8%AD%E0%B8%9E%E0%B8%B2%E0%B8%A3%E0%B9%8C%E0%B8%97%E0%B9%80%E0%B8%A1%E0%B8%99%E0%B8%95%E0%B9%8C
84,หอDecember,500,700,"3,500","4,300",2.4, คลองหนึ่ง คลองหลวง ปทุมธานี,https://www.renthub.in.th//%E0%B8%AB%E0%B8%ADdecember
85,นพเก้าแมนชั่น  คลองหลวง,,,"1,500","1,800",0.77,ถ.นิคมอุตสาหกรรมนวนคร  คลองหนึ่ง คลองหลวง ปทุมธานี,https://www.renthub.in.th//%E0%B8%99%E0%B8%9E%E0%B9%80%E0%B8%81%E0%B9%89%E0%B8%B2%E0%B9%81%E0%B8%A1%E0%B8%99%E0%B8%8A%E0%B8%B1%E0%B9%88%E0%B8%99-%E0%B8%84%E0%B8%A5%E0%B8%AD%E0%B8%87%E0%B8%AB%E0%B8%A5%E0%B8%A7%E0%B8%87
86,เค-พาร์ค อพาร์ทเม้นท์,,,550,"3,200",3,ถ.คลองหลวง คลองสอง คลองหลวง ปทุมธานี,https://www.renthub.in.th//%E0%B9%80%E0%B8%84-%E0%B8%9E%E0%B8%B2%E0%B8%A3%E0%B9%8C%E0%B8%84-%E0%B8%AD%E0%B8%9E%E0%B8%B2%E0%B8%A3%E0%B9%8C%E0%B8%97%E0%B9%80%E0%B8%A1%E0%B9%89%E0%B8%99%E0%B8%97%E0%B9%8C
87,มยุรี,,,"2,000","3,000",0.77, คลองหนึ่ง คลองหลวง ปทุมธานี,https://www.renthub.in.th//%E0%B8%A1%E0%B8%A2%E0%B8%B8%E0%B8%A3%E0%B8%B5
88,นิว แมนชั่น,,,"2,000","2,000",0.77,ซ.คชสาร  คลองหนึ่ง คลองหลวง ปทุมธานี,https://www.renthub.in.th//%E0%B8%99%E0%B8%B4%E0%B8%A7-%E0%B9%81%E0%B8%A1%E0%B8%99%E0%B8%8A%E0%B8%B1%E0%B9%88%E0%B8%99
89,jpark@thammasat,,,"7,500","15,500",3.8, คลองหนึ่ง คลองหลวง ปทุมธานี,https://www.renthub.in.th//jpark-thammasat
90,ทานตะวันอพาร์ทเมนท์,,,"1,500","1,500",0.77, คลองหนึ่ง คลองหลวง ปทุมธานี,https://www.renthub.in.th//%E0%B8%97%E0%B8%B2%E0%B8%99%E0%B8%95%E0%B8%B0%E0%B8%A7%E0%B8%B1%E0%B8%99%E0%B8%AD%E0%B8%9E%E0%B8%B2%E0%B8%A3%E0%B9%8C%E0%B8%97%E0%B9%80%E0%B8%A1%E0%B8%99%E0%B8%97%E0%B9%8C
91,Teddy@Thammasat,,,"9,000","17,000",1.1, คลองหนึ่ง คลองหลวง ปทุมธานี,https://www.renthub.in.th//teddy-thammasat
92,Skyview Apartment  ชั้น 6  คลองหลวง,,,"4,500","5,500",3.7,ซ.รังสิตภิรมย์   ถ.พหลโยธิน  คลองหนึ่ง คลองหลวง ปทุมธานี,https://www.renthub.in.th//skyview-apartment-%E0%B8%8A%E0%B8%B1%E0%B9%89%E0%B8%99-6-%E0%B8%84%E0%B8%A5%E0%B8%AD%E0%B8%87%E0%B8%AB%E0%B8%A5%E0%B8%A7%E0%B8%87
93,อาคารฐานมั่นคง,,,"2,500","3,000",0.77, คลองหนึ่ง คลองหลวง ปทุมธานี,https://www.renthub.in.th//%E0%B8%AD%E0%B8%B2%E0%B8%84%E0%B8%B2%E0%B8%A3%E0%B8%90%E0%B8%B2%E0%B8%99%E0%B8%A1%E0%B8%B1%E0%B9%88%E0%B8%99%E0%B8%84%E0%B8%87
94,บ้านนัทกรรณ  คลองหลวง,,,"3,500","5,500",3.7,ซ.รังสิตภิรมย์   ถ.พหลโยธิน  คลองหนึ่ง คลองหลวง ปทุมธานี,https://www.renthub.in.th//%E0%B8%9A%E0%B9%89%E0%B8%B2%E0%B8%99%E0%B8%99%E0%B8%B1%E0%B8%97%E0%B8%81%E0%B8%A3%E0%B8%A3%E0%B8%93-%E0%B8%84%E0%B8%A5%E0%B8%AD%E0%B8%87%E0%B8%AB%E0%B8%A5%E0%B8%A7%E0%B8%87
95,จันทราอพาร์ตเม้น,,,"1,700","1,800",3.3, คลองหลวง คลองหลวง ปทุมธานี,https://www.renthub.in.th//%E0%B8%88%E0%B8%B1%E0%B8%99%E0%B8%97%E0%B8%A3%E0%B8%B2%E0%B8%AD%E0%B8%9E%E0%B8%B2%E0%B8%A3%E0%B9%8C%E0%B8%95%E0%B9%80%E0%B8%A1%E0%B9%89%E0%B8%99
96,หอพัก ไวท์เฮาส์,,,"1,000","1,000",0.76, คลองหนึ่ง คลองหลวง ปทุมธานี,https://www.renthub.in.th//%E0%B8%AB%E0%B8%AD%E0%B8%9E%E0%B8%B1%E0%B8%81-%E0%B9%84%E0%B8%A7%E0%B8%97%E0%B9%8C%E0%B9%80%E0%B8%AE%E0%B8%B2%E0%B8%AA%E0%B9%8C
97,บ้านยศนันท์,,,,,3.2,ซ.เทพกุญชร 23 ถ.พหลโยธิน คลองหนึ่ง คลองหลวง ปทุมธานี,https://www.renthub.in.th//%E0%B8%9A%E0%B9%89%E0%B8%B2%E0%B8%99%E0%B8%A2%E0%B8%A8%E0%B8%99%E0%B8%B1%E0%B8%99%E0%B8%97%E0%B9%8C
98,หอพักสวัสดี  คลองหลวง,,,,,3.3,ถ.พหลโยธิน  คลองหนึ่ง คลองหลวง ปทุมธานี,https://www.renthub.in.th//%E0%B8%AB%E0%B8%AD%E0%B8%9E%E0%B8%B1%E0%B8%81%E0%B8%AA%E0%B8%A7%E0%B8%B1%E0%B8%AA%E0%B8%94%E0%B8%B5-%E0%B8%84%E0%B8%A5%E0%B8%AD%E0%B8%87%E0%B8%AB%E0%B8%A5%E0%B8%A7%E0%B8%87
99,ทิวสน  อพาร์ทเม้นท์,,,,,3.6, คลองหนึ่ง คลองหลวง ปทุมธานี,https://www.renthub.in.th//%E0%B8%97%E0%B8%B4%E0%B8%A7%E0%B8%AA%E0%B8%99-%E0%B8%AD%E0%B8%9E%E0%B8%B2%E0%B8%A3%E0%B9%8C%E0%B8%97%E0%B9%80%E0%B8%A1%E0%B9%89%E0%B8%99%E0%B8%97%E0%B9%8C
100,P&W Mansion  คลองหลวง,,,,,3.8,ถ.พหลโยธิน  คลองหนึ่ง คลองหลวง ปทุมธานี,https://www.renthub.in.th//p-w-mansion-%E0%B8%84%E0%B8%A5%E0%B8%AD%E0%B8%87%E0%B8%AB%E0%B8%A5%E0%B8%A7%E0%B8%87
101,บ้านตา - บ้านยาย  คลองหลวง,,,,,3.4,ซ.คลองหลวง 54 ถ.พหลโยธิน  คลองหนึ่ง คลองหลวง ปทุมธานี,https://www.renthub.in.th//%E0%B8%9A%E0%B9%89%E0%B8%B2%E0%B8%99%E0%B8%95%E0%B8%B2-%E0%B8%9A%E0%B9%89%E0%B8%B2%E0%B8%99%E0%B8%A2%E0%B8%B2%E0%B8%A2-%E0%B8%84%E0%B8%A5%E0%B8%AD%E0%B8%87%E0%B8%AB%E0%B8%A5%E0%B8%A7%E0%B8%87
102,ทูบีคาซ่า,,,"7,500","8,000",2.7,ถ.เชียงราก คลองหนึ่ง คลองหลวง ปทุมธานี,https://www.renthub.in.th//%E0%B8%97%E0%B8%B9%E0%B8%9A%E0%B8%B5%E0%B8%84%E0%B8%B2%E0%B8%8B%E0%B9%88%E0%B8%B2
103,บ้านพัทธนันท์,,,"1,600","2,000",3.5,ซ.เทพกุญชร22  ถ.เทพกุญชร1  คลองหนึ่ง คลองหลวง ปทุมธานี,https://www.renthub.in.th//%E0%B8%9A%E0%B9%89%E0%B8%B2%E0%B8%99%E0%B8%9E%E0%B8%B1%E0%B8%97%E0%B8%98%E0%B8%99%E0%B8%B1%E0%B8%99%E0%B8%97%E0%B9%8C
104,ศรีพลแมนชั่น,,,"1,500","2,000",0.63,ซ.นครชัยมงคลวิลล่า2   ถ.พหลโยธิน  เมืองปทุมธานี ปทุมธานี,https://www.renthub.in.th//%E0%B8%A8%E0%B8%A3%E0%B8%B5%E0%B8%9E%E0%B8%A5%E0%B9%81%E0%B8%A1%E0%B8%99%E0%B8%8A%E0%B8%B1%E0%B9%88%E0%B8%99
105,นิภาภัทร คลองหนึ่ง,,,"1,900","3,000",0.77,ซ.คุณพระ  คลองหนึ่ง คลองหลวง ปทุมธานี,https://www.renthub.in.th//%E0%B8%99%E0%B8%B4%E0%B8%A0%E0%B8%B2%E0%B8%A0%E0%B8%B1%E0%B8%97%E0%B8%A3-%E0%B8%84%E0%B8%A5%E0%B8%AD%E0%B8%87%E0%B8%AB%E0%B8%99%E0%B8%B6%E0%B9%88%E0%B8%87
106,นุ่น  คลองหลวง,,,"2,000","2,000",3.4,ถ.คลองหลวง  คลองสอง คลองหลวง ปทุมธานี,https://www.renthub.in.th//%E0%B8%99%E0%B8%B8%E0%B9%88%E0%B8%99-%E0%B8%84%E0%B8%A5%E0%B8%AD%E0%B8%87%E0%B8%AB%E0%B8%A5%E0%B8%A7%E0%B8%87
107,บ้านสวนปาล์ม  คลองหลวง,,,"3,000","3,800",0.71,ถ.พหลโยธิน  คลองหนึ่ง คลองหลวง ปทุมธานี,https://www.renthub.in.th//%E0%B8%9A%E0%B9%89%E0%B8%B2%E0%B8%99%E0%B8%AA%E0%B8%A7%E0%B8%99%E0%B8%9B%E0%B8%B2%E0%B8%A5%E0%B9%8C%E0%B8%A1-%E0%B8%84%E0%B8%A5%E0%B8%AD%E0%B8%87%E0%B8%AB%E0%B8%A5%E0%B8%A7%E0%B8%87
